City_ID,City,Country,Date,Lat,Lng,Max Temp,Humidity,Cloudiness,Wind Speed
0,Dikson,RU,2021-07-27 01:33:26,73.5069,80.5464,38.71,99,100,8.63
1,Vila Velha,BR,2021-07-27 01:30:00,-20.3297,-40.2925,69.75,88,40,3.44
2,Nikolskoye,RU,2021-07-27 01:33:26,59.7035,30.7861,60.03,73,6,3.89
3,Cidreira,BR,2021-07-27 01:33:26,-30.1811,-50.2056,62.28,98,100,8.41
4,Ushuaia,AR,2021-07-27 01:31:27,-54.8,-68.3,33.46,86,75,3.44
5,Sandomierz,PL,2021-07-27 01:33:27,50.6827,21.749,68.67,90,84,8.01
6,Gidrotorf,RU,2021-07-27 01:33:27,56.4744,43.5414,61.61,73,37,6.51
7,Thompson,CA,2021-07-27 01:31:51,55.7435,-97.8558,69.96,40,20,8.05
8,Punta Arenas,CL,2021-07-27 01:32:14,-53.15,-70.9167,41.11,81,75,5.75
9,Mataura,NZ,2021-07-27 01:33:27,-46.1927,168.8643,52.48,71,16,4.97
10,Mahebourg,MU,2021-07-27 01:33:27,-20.4081,57.7,68.29,88,75,12.66
11,Rikitea,PF,2021-07-27 01:33:28,-23.1203,-134.9692,74.75,80,98,17.38
12,Qaanaaq,GL,2021-07-27 01:33:28,77.484,-69.3632,42.35,83,100,7.7
13,Hilo,US,2021-07-27 01:31:09,19.7297,-155.09,78.53,86,75,11.5
14,Ribeira Grande,PT,2021-07-27 01:33:28,38.5167,-28.7,70.97,89,95,8.86
15,Arraial Do Cabo,BR,2021-07-27 01:33:29,-22.9661,-42.0278,70.05,84,0,25.95
16,Sao Joao Da Barra,BR,2021-07-27 01:33:29,-21.6403,-41.0511,70.54,84,0,14.9
17,Hamilton,US,2021-07-27 01:29:24,39.1834,-84.5333,80.82,65,1,0.0
18,Saint George,US,2021-07-27 01:32:03,37.1041,-113.5841,82.54,78,1,6.91
19,Hobart,AU,2021-07-27 01:33:21,-42.8794,147.3294,58.91,65,75,3.0
20,Tiksi,RU,2021-07-27 01:33:29,71.6872,128.8694,38.68,87,76,10.67
21,Naze,JP,2021-07-27 01:31:01,28.3667,129.4833,83.32,82,100,13.09
22,Saint-Philippe,RE,2021-07-27 01:33:30,-21.3585,55.7679,65.79,84,75,10.18
23,Hermanus,ZA,2021-07-27 01:33:30,-34.4187,19.2345,54.9,62,2,9.33
24,Vostok,RU,2021-07-27 01:33:30,46.4856,135.8833,85.32,58,100,4.18
25,Puerto Ayora,EC,2021-07-27 01:33:31,-0.7393,-90.3518,71.55,86,19,5.01
26,Iqaluit,CA,2021-07-27 01:29:49,63.7506,-68.5145,49.73,81,75,3.0
27,Shache,CN,2021-07-27 01:33:31,38.4167,77.2406,90.91,23,100,2.77
28,Avarua,CK,2021-07-27 01:28:52,-21.2078,-159.775,78.85,73,20,9.22
29,Longyearbyen,SJ,2021-07-27 01:33:31,78.2186,15.6401,43.39,86,100,0.94
30,Papayal,PE,2021-07-27 01:33:32,-4.0761,-80.7361,71.62,77,49,1.68
31,Akdepe,TM,2021-07-27 01:33:32,42.0551,59.3788,75.29,30,0,7.99
32,Castro,BR,2021-07-27 01:33:32,-24.7911,-50.0119,58.37,60,42,4.97
33,Marawi,PH,2021-07-27 01:33:33,7.9986,124.2928,84.65,59,85,8.05
34,Santiago,CL,2021-07-27 01:30:05,-33.4569,-70.6483,50.85,66,0,2.3
35,Flin Flon,CA,2021-07-27 01:33:33,54.7682,-101.865,68.86,44,32,3.2
36,Chimichagua,CO,2021-07-27 01:33:33,9.2578,-73.8123,75.42,95,100,5.23
37,Gondanglegi,ID,2021-07-27 01:33:33,-7.7479,112.0132,83.41,60,73,10.09
38,Bengkulu,ID,2021-07-27 01:33:34,-3.8004,102.2655,81.3,61,18,2.19
39,Boa Vista,BR,2021-07-27 01:33:34,2.8197,-60.6733,78.78,89,75,4.61
40,Norman Wells,CA,2021-07-27 01:33:35,65.282,-126.8329,64.44,59,90,9.22
41,Bredasdorp,ZA,2021-07-27 01:33:35,-34.5322,20.0403,47.52,76,8,4.61
42,Sao Filipe,CV,2021-07-27 01:33:35,14.8961,-24.4956,74.97,85,24,9.01
43,Oga,IT,2021-07-27 01:33:36,46.4631,10.347,54.28,95,100,3.98
44,Bluff,NZ,2021-07-27 01:33:36,-46.6,168.3333,52.81,71,11,21.25
45,Sechura,PE,2021-07-27 01:33:36,-5.5569,-80.8222,68.86,78,68,16.49
46,Parrita,CR,2021-07-27 01:33:36,9.5201,-84.3225,80.98,84,100,2.53
47,Port Alfred,ZA,2021-07-27 01:33:29,-33.5906,26.891,60.67,31,21,10.45
48,Awbari,LY,2021-07-27 01:33:37,26.5921,12.7805,81.46,19,5,7.96
49,Souillac,MU,2021-07-27 01:33:37,-20.5167,57.5167,68.38,88,75,12.66
50,Bambous Virieux,MU,2021-07-27 01:33:37,-20.3428,57.7575,68.25,88,75,12.66
51,Grand Island,US,2021-07-27 01:33:38,40.925,-98.342,84.49,72,1,1.01
52,Necochea,AR,2021-07-27 01:33:38,-38.5473,-58.7368,40.03,68,93,21.92
53,Leningradskiy,RU,2021-07-27 01:33:38,69.3833,178.4167,40.98,82,80,8.88
54,Stege,DK,2021-07-27 01:33:38,54.987,12.2846,66.6,86,69,2.3
55,Los Llanos De Aridane,ES,2021-07-27 01:33:39,28.6585,-17.9182,69.55,96,90,14.97
56,Barrow,US,2021-07-27 01:33:39,71.2906,-156.7887,46.42,93,90,6.91
57,Atuona,PF,2021-07-27 01:33:39,-9.8,-139.0333,77.81,70,35,21.5
58,Ascension,US,2021-07-27 01:33:40,30.2169,-90.9001,84.0,92,1,0.0
59,Hobyo,SO,2021-07-27 01:33:40,5.3505,48.5268,76.55,71,93,21.81
60,Touros,BR,2021-07-27 01:33:40,-5.1989,-35.4608,74.3,88,8,8.97
61,Lasa,IT,2021-07-27 01:33:41,46.6166,10.7002,61.68,96,100,2.59
62,Tuatapere,NZ,2021-07-27 01:33:41,-46.1333,167.6833,52.83,64,16,6.42
63,Lorengau,PG,2021-07-27 01:33:42,-2.0226,147.2712,84.34,72,83,4.05
64,Umm Kaddadah,SD,2021-07-27 01:33:42,13.6017,26.6876,76.39,68,63,8.03
65,Albany,US,2021-07-27 01:32:26,42.6001,-73.9662,72.21,77,0,5.35
66,Lavrentiya,RU,2021-07-27 01:33:42,65.5833,-171.0,44.92,98,100,3.47
67,Mulchen,CL,2021-07-27 01:33:43,-37.7167,-72.2333,38.64,86,5,6.44
68,Jamestown,US,2021-07-27 01:29:34,42.097,-79.2353,73.04,64,1,5.23
69,Victoria,HK,2021-07-27 01:30:07,22.2855,114.1577,92.97,80,99,5.99
70,Turukhansk,RU,2021-07-27 01:33:43,65.8167,87.9833,80.64,48,7,17.9
71,Cabo San Lucas,MX,2021-07-27 01:31:55,22.8909,-109.9124,93.51,63,1,8.01
72,Pevek,RU,2021-07-27 01:33:43,69.7008,170.3133,35.82,90,97,18.34
73,Cape Town,ZA,2021-07-27 01:30:04,-33.9258,18.4232,57.88,78,0,1.99
74,Qaqortoq,GL,2021-07-27 01:33:44,60.7167,-46.0333,52.3,82,71,8.05
75,Ilo,PE,2021-07-27 01:33:44,-17.6394,-71.3375,59.77,85,60,9.22
76,Menuma,JP,2021-07-27 01:33:44,36.2167,139.3833,80.01,81,100,2.57
77,Butaritari,KI,2021-07-27 01:33:44,3.0707,172.7902,82.49,74,46,7.09
78,Chokurdakh,RU,2021-07-27 01:33:45,70.6333,147.9167,44.26,65,100,12.82
79,Lebrija,ES,2021-07-27 01:33:45,36.9208,-6.0753,72.72,73,0,5.73
80,Bethel,US,2021-07-27 01:33:45,41.3712,-73.414,77.56,82,1,5.75
81,Vardo,NO,2021-07-27 01:33:46,70.3705,31.1107,47.23,86,29,2.98
82,Saint Anthony,US,2021-07-27 01:33:46,45.0205,-93.218,86.25,65,1,1.01
83,Khatanga,RU,2021-07-27 01:33:46,71.9667,102.5,70.0,54,100,19.17
84,Barcelos,PT,2021-07-27 01:33:46,41.5388,-8.6151,64.92,91,4,3.22
85,Jaque,PA,2021-07-27 01:33:47,7.5175,-78.1703,77.97,83,99,0.85
86,Vaini,TO,2021-07-27 01:33:47,-21.2,-175.2,77.16,83,75,11.5
87,Mazyr,BY,2021-07-27 01:33:47,52.0495,29.2456,65.71,68,96,7.67
88,Yerbogachen,RU,2021-07-27 01:33:48,61.2767,108.0108,82.44,43,3,7.67
89,Gladstone,AU,2021-07-27 01:33:48,-23.85,151.25,71.53,53,40,6.91
90,Sillod,IN,2021-07-27 01:33:48,20.3,75.65,73.0,83,100,15.01
91,Ruwi,OM,2021-07-27 01:33:49,23.5996,58.5507,94.69,46,92,6.64
92,Saint-Francois,FR,2021-07-27 01:33:49,46.4154,3.9054,61.41,94,0,1.14
93,Sinnamary,GF,2021-07-27 01:33:49,5.3833,-52.95,77.56,86,63,6.71
94,Muros,ES,2021-07-27 01:33:49,42.7762,-9.0603,63.23,91,6,5.44
95,Busselton,AU,2021-07-27 01:33:50,-33.65,115.3333,53.04,57,100,26.02
96,Port Elizabeth,ZA,2021-07-27 01:31:57,-33.918,25.5701,71.1,29,0,10.36
97,Sitka,US,2021-07-27 01:33:50,57.0531,-135.33,62.49,72,40,5.75
98,Najran,SA,2021-07-27 01:33:50,17.4924,44.1277,81.25,35,94,3.76
99,Chuy,UY,2021-07-27 01:33:51,-33.6971,-53.4616,46.33,82,0,8.01
100,Larsnes,NO,2021-07-27 01:33:51,62.2028,5.5773,66.76,71,90,6.24
101,Lebu,CL,2021-07-27 01:33:51,-37.6167,-73.65,45.23,78,51,15.88
102,Constitucion,CL,2021-07-27 01:33:52,-35.3333,-72.4167,44.6,69,0,13.22
103,Mayahi,NE,2021-07-27 01:33:52,13.9553,7.6712,75.96,79,100,10.56
104,Salekhard,RU,2021-07-27 01:33:52,66.53,66.6019,52.02,83,42,9.64
105,Acapulco,MX,2021-07-27 01:33:52,16.8634,-99.8901,84.02,84,90,3.44
106,Newport,GB,2021-07-27 01:31:09,51.5877,-2.9984,66.07,88,100,5.1
107,Margate,GB,2021-07-27 01:31:01,51.3813,1.3862,63.91,92,100,1.99
108,Beyneu,KZ,2021-07-27 01:33:53,45.3167,55.2,76.69,24,4,11.43
109,Tuktoyaktuk,CA,2021-07-27 01:33:43,69.4541,-133.0374,51.8,71,75,6.91
110,Vrede,ZA,2021-07-27 01:33:53,-27.4257,29.1659,34.12,49,0,3.11
111,Kapaa,US,2021-07-27 01:33:53,22.0752,-159.319,85.98,75,20,1.01
112,Nuevo Progreso,MX,2021-07-27 01:33:54,23.1667,-97.95,87.6,86,5,4.52
113,Mozarlandia,BR,2021-07-27 01:33:54,-14.7447,-50.5706,73.51,42,0,3.22
114,Novyy Urengoy,RU,2021-07-27 01:33:54,66.0833,76.6333,48.96,87,100,18.21
115,Chateau-Thierry,FR,2021-07-27 01:33:54,49.05,3.4,63.14,92,96,5.23
116,Abnub,EG,2021-07-27 01:33:55,27.2696,31.1511,79.02,35,0,8.37
117,Lodwar,KE,2021-07-27 01:33:55,3.1191,35.5973,77.7,46,100,9.31
118,New Norfolk,AU,2021-07-27 01:33:55,-42.7826,147.0587,58.57,45,71,7.14
119,Fairbanks,US,2021-07-27 01:29:06,64.8378,-147.7164,73.6,48,20,14.97
120,Cockburn Town,TC,2021-07-27 01:33:56,21.4612,-71.1419,82.31,84,8,15.43
121,Waipawa,NZ,2021-07-27 01:33:56,-41.4122,175.5153,49.46,89,100,15.05
122,Teguise,ES,2021-07-27 01:33:56,29.0605,-13.564,68.22,78,75,16.11
123,Simao,CN,2021-07-27 01:33:56,22.7886,100.9748,69.58,93,73,2.37
124,Carnarvon,AU,2021-07-27 01:33:57,-24.8667,113.6333,69.87,64,40,13.8
125,Sassandra,CI,2021-07-27 01:33:57,4.95,-6.0833,74.98,83,100,7.4
126,Merauke,ID,2021-07-27 01:33:57,-8.4667,140.3333,80.4,73,100,11.36
127,Aklavik,CA,2021-07-27 01:33:58,68.2191,-135.0107,61.63,85,100,3.18
128,Katsuura,JP,2021-07-27 01:33:58,35.1333,140.3,77.02,91,100,19.04
129,Tura,IN,2021-07-27 01:33:32,25.5198,90.2201,79.88,90,100,4.47
130,Maniitsoq,GL,2021-07-27 01:33:58,65.4167,-52.9,51.94,78,100,15.23
131,Georgetown,MY,2021-07-27 01:30:16,5.4112,100.3354,85.93,79,20,4.61
132,Cocal,BR,2021-07-27 01:33:58,-28.6167,-49.35,64.17,92,100,2.21
133,Paamiut,GL,2021-07-27 01:33:59,61.994,-49.6678,43.9,96,100,11.3
134,San Patricio,US,2021-07-27 01:33:59,28.017,-97.5169,86.41,64,4,9.31
135,Avera,US,2021-07-27 01:33:59,33.194,-82.5271,82.74,64,42,6.85
136,Riyadh,SA,2021-07-27 01:31:44,24.6877,46.7219,93.34,24,100,10.29
137,Beringovskiy,RU,2021-07-27 01:34:00,63.05,179.3167,52.27,90,100,9.84
138,Gornopravdinsk,RU,2021-07-27 01:34:00,60.05,69.9,59.23,64,58,6.58
139,Colares,PT,2021-07-27 01:34:00,38.7992,-9.4469,67.28,74,2,11.99
140,Olyka,UA,2021-07-27 01:34:01,50.7186,25.8125,61.7,90,29,10.11
141,Ancud,CL,2021-07-27 01:34:01,-41.8697,-73.8203,42.33,79,26,5.73
142,Clonakilty,IE,2021-07-27 01:34:01,51.6231,-8.8706,58.21,82,91,13.13
143,Rumford,US,2021-07-27 01:34:02,44.5537,-70.5509,71.2,79,6,3.29
144,Provideniya,RU,2021-07-27 01:34:02,64.3833,-173.3,50.11,81,90,11.18
145,Muroto,JP,2021-07-27 01:34:02,33.2833,134.15,91.44,69,16,3.18
146,Meadow Lake,US,2021-07-27 01:34:02,34.8014,-106.5436,84.31,41,40,3.83
147,Marsh Harbour,BS,2021-07-27 01:34:03,26.5412,-77.0636,82.98,76,5,10.54
148,Englehart,CA,2021-07-27 01:34:03,47.8169,-79.8664,66.76,77,20,0.0
149,Oranjemund,NA,2021-07-27 01:34:03,-28.55,16.4333,57.78,66,0,4.76
150,Kodiak,US,2021-07-27 01:34:04,57.79,-152.4072,62.11,59,90,5.75
151,Cuamba,MZ,2021-07-27 01:34:04,-14.8031,36.5372,53.08,92,4,6.11
152,Prince Rupert,CA,2021-07-27 01:34:04,54.3161,-130.3201,57.29,88,90,2.3
153,Roquetas De Mar,ES,2021-07-27 01:33:19,36.7642,-2.6148,77.0,74,0,8.34
154,Kisanga,TZ,2021-07-27 01:34:05,-7.4362,37.7034,64.56,60,10,4.14
155,Rocha,UY,2021-07-27 01:34:05,-34.4833,-54.3333,43.9,91,5,5.39
156,Orem,US,2021-07-27 01:30:07,40.2969,-111.6946,94.86,38,1,1.01
157,Ipixuna,BR,2021-07-27 01:34:05,-1.7625,-48.8043,78.75,76,70,3.44
158,Lata,PT,2021-07-27 01:34:06,40.1629,-8.3327,63.91,98,55,2.66
159,Laguna,US,2021-07-27 01:32:12,38.421,-121.4238,92.43,31,1,4.0
160,Follonica,IT,2021-07-27 01:34:06,42.9263,10.7616,77.9,81,100,9.71
161,Gabu,GW,2021-07-27 01:34:06,12.2833,-14.2167,74.71,93,99,4.36
162,Fomento,CU,2021-07-27 01:34:06,22.1039,-79.7217,74.95,92,53,2.57
163,East London,ZA,2021-07-27 01:32:36,-33.0153,27.9116,63.64,27,5,12.26
164,Santa Cruz,BO,2021-07-27 01:30:06,-17.8,-63.1667,76.46,73,0,10.36
165,Fort Nelson,CA,2021-07-27 01:34:07,58.8053,-122.7002,74.79,33,75,3.44
166,Tasiilaq,GL,2021-07-27 01:34:07,65.6145,-37.6368,46.56,89,27,4.85
167,Hasaki,JP,2021-07-27 01:34:07,35.7333,140.8333,79.09,73,33,18.5
168,Kulaman,PH,2021-07-27 01:34:07,6.4594,124.0892,85.82,68,78,7.92
169,Lazaro Cardenas,MX,2021-07-27 01:34:08,17.9583,-102.2,82.2,81,56,0.78
170,Vallenar,CL,2021-07-27 01:34:08,-28.5708,-70.7581,52.99,56,0,2.21
171,Kudahuvadhoo,MV,2021-07-27 01:34:08,2.6708,72.8944,81.18,74,100,6.78
172,Thaba Nchu,ZA,2021-07-27 01:34:08,-29.2093,26.839,22.78,47,0,5.23
173,Mitsamiouli,KM,2021-07-27 01:34:09,-11.3847,43.2844,75.31,67,13,7.14
174,Wajima,JP,2021-07-27 01:34:09,37.4,136.9,83.08,69,75,4.61
175,Terney,RU,2021-07-27 01:34:10,45.0503,136.6092,80.17,72,97,5.1
176,Natchitoches,US,2021-07-27 01:34:10,31.7668,-93.1335,86.85,84,1,0.0
177,Monte Patria,CL,2021-07-27 01:34:10,-30.6919,-70.9467,53.44,54,0,2.04
178,Lahad Datu,MY,2021-07-27 01:34:10,5.0268,118.327,85.53,67,30,6.33
179,Yeppoon,AU,2021-07-27 01:34:11,-23.1333,150.7333,71.38,65,11,8.34
180,Tiptur,IN,2021-07-27 01:30:22,13.2586,76.4783,69.69,83,100,15.12
181,Jumla,NP,2021-07-27 01:34:11,29.2747,82.1838,67.15,90,100,1.7
182,Arman,RU,2021-07-27 01:34:11,59.7,150.1667,65.26,63,90,4.09
183,Aasiaat,GL,2021-07-27 01:34:12,68.7098,-52.8699,42.1,97,99,13.67
184,Huty,UA,2021-07-27 01:34:12,50.1332,35.3439,65.17,56,10,6.64
185,Chimore,BO,2021-07-27 01:34:12,-16.9833,-65.1333,79.54,52,100,1.66
186,Beloyarskiy,RU,2021-07-27 01:34:12,63.7119,66.6722,53.85,66,40,3.29
187,Nanortalik,GL,2021-07-27 01:34:13,60.1432,-45.2371,44.46,92,55,12.19
188,Quelimane,MZ,2021-07-27 01:34:13,-17.8786,36.8883,60.75,94,20,9.22
189,Port Lincoln,AU,2021-07-27 01:30:07,-34.7333,135.8667,65.28,41,90,31.23
190,Petrovsk,RU,2021-07-27 01:34:13,52.3064,45.3917,61.0,59,52,4.5
191,Quatre Cocos,MU,2021-07-27 01:34:14,-20.2078,57.7625,68.11,77,99,14.12
192,Belyy Yar,RU,2021-07-27 01:34:14,53.6039,91.3903,69.69,78,0,4.47
193,Yellowknife,CA,2021-07-27 01:31:08,62.456,-114.3525,64.33,63,75,5.01
194,Channel-Port Aux Basques,CA,2021-07-27 01:34:14,47.5702,-59.1367,60.67,98,100,11.5
195,Menongue,AO,2021-07-27 01:34:15,-14.6585,17.691,44.44,57,4,4.7
196,Hofn,IS,2021-07-27 01:34:15,64.2539,-15.2082,51.89,87,100,6.08
197,Kirakira,SB,2021-07-27 01:34:15,-10.4544,161.9205,84.69,70,28,9.78
198,Bethanien,NA,2021-07-27 01:34:15,-26.502,17.1583,54.59,38,0,5.39
199,Bandarbeyla,SO,2021-07-27 01:34:16,9.4942,50.8122,76.46,74,34,24.43
200,Keuruu,FI,2021-07-27 01:34:16,62.2667,24.7,59.81,66,73,3.06
201,Port Blair,IN,2021-07-27 01:34:16,11.6667,92.75,83.75,81,85,20.89
202,Baghmara,IN,2021-07-27 01:34:17,23.795,86.2085,84.02,72,100,6.91
203,Chilca,PE,2021-07-27 01:34:17,-12.5211,-76.7372,63.84,88,85,4.92
204,Bom Jesus Dos Perdoes,BR,2021-07-27 01:34:17,-23.135,-46.4653,70.14,50,0,4.12
205,Cap Malheureux,MU,2021-07-27 01:34:18,-19.9842,57.6142,68.49,88,93,5.01
206,Esperance,AU,2021-07-27 01:34:18,-33.8667,121.9,57.04,70,90,37.02
207,Yumen,CN,2021-07-27 01:34:18,40.2833,97.2,82.08,17,57,17.07
208,Muisne,EC,2021-07-27 01:34:19,0.6,-80.0333,75.43,85,99,8.52
209,Praia,CV,2021-07-27 01:34:19,14.9215,-23.5087,75.43,84,38,8.63
210,Luanda,AO,2021-07-27 01:32:06,-8.8368,13.2343,69.24,89,99,5.14
211,Codrington,AU,2021-07-27 01:34:19,-38.2667,141.9667,55.54,64,100,20.6
212,Kaitangata,NZ,2021-07-27 01:34:19,-46.2817,169.8464,52.93,51,7,8.7
213,Albion,US,2021-07-27 01:34:20,42.2431,-84.753,78.51,77,1,0.0
214,Kushiro,JP,2021-07-27 01:34:20,42.975,144.3747,72.55,94,75,10.36
215,Severo-Kurilsk,RU,2021-07-27 01:34:20,50.6789,156.125,61.03,85,82,8.21
216,Puerto Escondido,MX,2021-07-27 01:34:21,15.85,-97.0667,83.23,69,90,3.44
217,Phangnga,TH,2021-07-27 01:34:21,8.4509,98.5298,85.91,82,99,7.25
218,Caraballeda,VE,2021-07-27 01:34:21,10.6112,-66.8522,82.36,83,99,5.75
219,Pemba,MZ,2021-07-27 01:34:22,-12.974,40.5178,68.65,75,0,17.43
220,Daru,PG,2021-07-27 01:34:22,-9.0763,143.2092,79.92,78,77,16.69
221,Alyangula,AU,2021-07-27 01:34:22,-13.8483,136.4192,78.67,73,65,4.61
222,Llallagua,BO,2021-07-27 01:34:22,-18.4167,-66.6333,42.13,35,82,9.37
223,Upernavik,GL,2021-07-27 01:34:23,72.7868,-56.1549,44.92,92,100,7.45
224,Eyl,SO,2021-07-27 01:34:23,7.9803,49.8164,78.08,56,44,19.26
225,Kununurra,AU,2021-07-27 01:34:23,-15.7667,128.7333,80.58,54,69,4.61
226,Honningsvag,NO,2021-07-27 01:34:24,70.9821,25.9704,50.0,76,28,5.53
227,Praya,CV,2021-07-27 01:34:24,14.9215,-23.5087,75.43,84,38,8.63
228,Hithadhoo,MV,2021-07-27 01:34:24,-0.6,73.0833,80.89,74,100,4.99
229,Girvan,GB,2021-07-27 01:34:25,55.2426,-4.8555,59.31,96,100,3.74
230,Kiunga,PG,2021-07-27 01:34:25,-6.1219,141.2906,79.93,78,99,3.83
231,Archidona,ES,2021-07-27 01:34:25,37.0965,-4.3887,69.58,78,0,4.68
232,Aksarka,RU,2021-07-27 01:34:25,66.5606,67.7975,50.83,87,83,5.66
233,Kabanjahe,ID,2021-07-27 01:34:26,3.1001,98.4908,65.16,69,100,2.64
234,Strezhevoy,RU,2021-07-27 01:34:26,60.7333,77.5889,55.38,66,24,12.5
235,Veraval,IN,2021-07-27 01:34:26,20.9,70.3667,81.81,86,100,20.11
236,Mandan,US,2021-07-27 01:32:10,46.8267,-100.8896,96.78,35,1,1.01
237,Gazanjyk,TM,2021-07-27 01:34:27,39.2446,55.5154,83.16,64,5,3.04
238,Clyde River,CA,2021-07-27 01:34:27,70.4692,-68.5914,39.43,93,40,10.36
239,Camana,PE,2021-07-27 01:34:27,-16.6228,-72.7111,60.73,91,53,11.72
240,Lompoc,US,2021-07-27 01:33:46,34.6391,-120.4579,75.22,78,90,6.91
241,Asau,RO,2021-07-27 01:34:01,46.4333,26.4,66.96,80,68,4.68
242,Namatanai,PG,2021-07-27 01:34:28,-3.6667,152.4333,85.19,65,19,4.9
243,Novoplatnirovskaya,RU,2021-07-27 01:34:28,46.1065,39.4191,75.27,40,100,8.39
244,Tongliao,CN,2021-07-27 01:34:17,43.6125,122.2653,84.9,58,40,8.99
245,San-Pedro,CI,2021-07-27 01:34:28,4.7485,-6.6363,74.8,84,100,8.3
246,Inhambane,MZ,2021-07-27 01:33:23,-23.865,35.3833,63.52,67,3,7.45
247,Guarapari,BR,2021-07-27 01:34:29,-20.6667,-40.4975,69.69,85,7,8.37
248,Cayenne,GF,2021-07-27 01:34:29,4.9333,-52.3333,82.09,82,0,3.0
249,Otradnoye,RU,2021-07-27 01:34:29,59.7775,30.8181,60.19,73,7,3.89
250,Howard Springs,AU,2021-07-27 01:34:29,-12.497,131.047,84.87,61,10,6.44
251,Huicheng,CN,2021-07-27 01:34:30,23.0385,116.2899,91.35,65,100,5.88
252,Dicabisagan,PH,2021-07-27 01:34:30,17.0818,122.4157,90.05,57,96,3.13
253,Krasnoarmeysk,RU,2021-07-27 01:34:30,51.0239,45.6969,64.29,59,0,3.27
254,Mont-De-Marsan,FR,2021-07-27 01:34:31,44.0,-0.6667,62.11,88,90,2.3
255,Syracuse,IT,2021-07-27 01:34:31,37.0881,15.2792,83.43,57,0,6.08
256,Shingu,JP,2021-07-27 01:34:31,33.7333,135.9833,85.19,57,93,2.42
257,Lincoln,US,2021-07-27 01:30:03,40.8,-96.667,85.12,55,1,1.01
258,Vestmannaeyjar,IS,2021-07-27 01:34:31,63.4427,-20.2734,50.86,80,100,13.22
259,Olinda,BR,2021-07-27 01:34:32,-8.0089,-34.8553,69.53,94,75,4.61
260,Kruisfontein,ZA,2021-07-27 01:33:14,-34.0033,24.7314,68.88,27,13,18.14
261,Ponta Do Sol,PT,2021-07-27 01:34:32,32.6667,-17.1,72.72,73,2,5.55
262,Ormoz,SI,2021-07-27 01:34:32,46.4114,16.1544,71.94,73,33,4.7
263,Amapa,BR,2021-07-27 01:34:33,1.0,-52.0,70.79,96,60,2.21
264,Dingle,PH,2021-07-27 01:34:33,10.9995,122.6711,87.57,65,50,16.91
265,Svetlyy,RU,2021-07-27 01:34:33,54.675,20.1347,66.25,95,76,5.44
266,El Vendrell,ES,2021-07-27 01:34:34,41.2167,1.5333,74.95,84,1,5.19
267,Burnie,AU,2021-07-27 01:32:00,-41.0667,145.9167,58.91,84,71,17.16
268,Bubaque,GW,2021-07-27 01:34:34,11.2833,-15.8333,79.54,84,87,11.63
269,Potenza,IT,2021-07-27 01:34:34,40.6443,15.8086,77.63,33,3,5.3
270,Springville,US,2021-07-27 01:34:35,40.1652,-111.6107,89.58,40,1,23.02
271,Wajir,KE,2021-07-27 01:34:35,1.7471,40.0573,70.84,72,88,14.58
272,Sylvan Lake,CA,2021-07-27 01:34:35,52.3168,-114.0853,78.12,54,1,8.05
273,Constantine,DZ,2021-07-27 01:34:36,36.365,6.6147,72.81,49,0,5.75
274,Azovo,RU,2021-07-27 01:34:36,54.6997,73.0237,55.15,56,100,7.67
275,Skjervoy,NO,2021-07-27 01:34:36,70.0311,20.9714,49.86,95,81,2.59
276,Buin,CL,2021-07-27 01:34:36,-33.7333,-70.75,51.73,77,0,6.69
277,Alofi,NU,2021-07-27 01:33:17,-19.0595,-169.9187,78.69,78,40,6.91
278,Bontoc,PH,2021-07-27 01:34:37,17.0899,120.978,72.82,98,100,4.56
279,Tau,NO,2021-07-27 01:34:37,59.0667,5.9,64.51,99,100,1.97
280,Bathsheba,BB,2021-07-27 01:34:37,13.2167,-59.5167,81.21,74,20,12.66
281,Ende,ID,2021-07-27 01:34:38,-8.8432,121.6623,83.43,58,75,3.78
282,Jiaonan,CN,2021-07-27 01:34:38,35.8786,119.9753,86.02,77,96,18.19
283,Piacabucu,BR,2021-07-27 01:33:51,-10.4056,-36.4344,72.66,89,44,8.57
284,Talnakh,RU,2021-07-27 01:34:38,69.4865,88.3972,78.4,52,100,10.49
285,Yanam,IN,2021-07-27 01:34:39,16.7333,82.2167,82.8,67,100,9.86
286,Ajaccio,FR,2021-07-27 01:34:39,42.0,8.9167,71.76,69,0,3.44
287,Dubuque,US,2021-07-27 01:34:10,42.4833,-90.8668,79.77,73,1,4.61
288,San Andres,CO,2021-07-27 01:34:39,12.5847,-81.7006,82.42,78,75,5.75
289,Honiara,SB,2021-07-27 01:34:39,-9.4333,159.95,84.42,71,98,5.59
290,Alta Floresta,BR,2021-07-27 01:34:40,-9.8756,-56.0861,73.22,73,0,0.0
291,Manaskent,RU,2021-07-27 01:34:40,42.7275,47.6785,78.17,69,40,8.95
292,Cambrils,ES,2021-07-27 01:34:40,41.0748,1.0524,73.06,72,0,1.99
293,Shancheng,CN,2021-07-27 01:34:41,34.7953,116.0817,84.0,80,88,11.88
294,Lambare,PY,2021-07-27 01:34:41,-25.3468,-57.6065,62.19,82,90,20.71
295,Rybnaya Sloboda,RU,2021-07-27 01:34:41,55.4613,50.1409,58.98,65,77,8.28
296,Ngunguru,NZ,2021-07-27 01:34:42,-35.6167,174.5,62.17,62,2,16.62
297,Houston,US,2021-07-27 01:30:52,29.7633,-95.3633,93.11,56,1,1.01
298,Mar Del Plata,AR,2021-07-27 01:33:38,-38.0023,-57.5575,39.99,52,0,11.01
299,Nelson Bay,AU,2021-07-27 01:33:30,-32.7167,152.15,68.95,61,0,1.99
300,Abu Samrah,SY,2021-07-27 01:34:42,35.3029,37.1841,76.42,56,0,7.47
301,Luderitz,NA,2021-07-27 01:34:42,-26.6481,15.1594,58.64,69,0,4.9
302,Parainen,FI,2021-07-27 01:34:42,60.3067,22.301,67.89,68,100,9.13
303,Ostrovnoy,RU,2021-07-27 01:34:43,68.0531,39.5131,46.02,84,100,22.62
304,Makakilo City,US,2021-07-27 01:34:43,21.3469,-158.0858,86.32,54,20,11.5
305,Hualmay,PE,2021-07-27 01:34:43,-11.0964,-77.6139,64.24,86,40,8.01
306,Meghri,AM,2021-07-27 01:34:44,38.9029,46.2446,72.39,65,40,4.0
307,Raga,SS,2021-07-27 01:34:44,8.4596,25.678,67.82,95,87,3.47
308,Geretsried,DE,2021-07-27 01:34:44,47.8578,11.4805,64.06,95,100,3.51
309,Hervey Bay,AU,2021-07-27 01:34:44,-25.2986,152.8535,71.71,63,0,1.14
310,Saldanha,ZA,2021-07-27 01:34:45,-33.0117,17.9442,51.85,89,0,9.51
311,Pangnirtung,CA,2021-07-27 01:34:45,66.1451,-65.7125,49.87,94,77,1.16
312,Amzya,RU,2021-07-27 01:34:45,56.2354,54.3868,60.26,61,85,9.24
313,Muli,MV,2021-07-27 01:34:46,2.9167,73.5667,82.45,72,100,9.6
314,Dakar,SN,2021-07-27 01:29:47,14.6937,-17.4441,79.68,82,97,15.19
315,Wagar,SD,2021-07-27 01:34:46,16.1525,36.2032,73.51,88,100,13.67
316,Blagoyevo,RU,2021-07-27 01:34:46,63.3667,47.9167,47.55,81,85,9.42
317,Panacan,PH,2021-07-27 01:34:46,9.2463,118.4082,86.7,63,87,10.83
318,Jasper,US,2021-07-27 01:34:47,37.2001,-94.3502,83.64,75,17,8.37
319,Lagoa,PT,2021-07-27 01:34:47,39.05,-27.9833,70.65,87,100,11.59
320,Kapoeta,SS,2021-07-27 01:34:47,4.7717,33.5903,70.41,65,96,2.13
321,Witu,KE,2021-07-27 01:34:48,-2.3889,40.4382,75.36,78,82,15.26
322,Keelung,TW,2021-07-27 01:34:48,25.1283,121.7419,93.11,67,80,3.42
323,Tuxtla Gutierrez,MX,2021-07-27 01:34:48,16.75,-93.1167,81.41,97,100,4.05
324,Aparecida Do Taboado,BR,2021-07-27 01:34:49,-20.0867,-51.0936,69.93,37,0,8.16
325,Carndonagh,IE,2021-07-27 01:34:49,55.25,-7.2667,58.53,97,100,2.39
326,Catanduva,BR,2021-07-27 01:34:49,-21.1378,-48.9728,70.09,39,0,8.21
327,Pisco,PE,2021-07-27 01:34:38,-13.7,-76.2167,66.02,82,0,13.8
328,Berlevag,NO,2021-07-27 01:34:49,70.8578,29.0864,47.39,83,45,2.95
329,Brae,GB,2021-07-27 01:34:50,60.3964,-1.353,55.31,97,100,12.75
330,Coxim,BR,2021-07-27 01:34:50,-18.5067,-54.76,75.34,34,5,1.32
331,Volax,GR,2021-07-27 01:34:50,41.3167,24.0,69.48,53,1,3.58
332,Narsaq,GL,2021-07-27 01:34:51,60.9167,-46.05,52.02,73,73,1.9
333,Qasigiannguit,GL,2021-07-27 01:34:51,68.8193,-51.1922,53.85,83,96,9.8
334,Khash,IR,2021-07-27 01:34:51,28.2211,61.2158,80.53,17,100,7.07
335,Alekseyevsk,RU,2021-07-27 01:34:52,57.8406,108.3492,80.8,39,5,1.57
336,Dhrangadhra,IN,2021-07-27 01:34:52,22.9833,71.4667,80.78,81,100,15.37
337,Airai,TL,2021-07-27 01:34:52,-8.9266,125.4092,75.22,25,58,4.9
338,Erzin,TR,2021-07-27 01:34:52,36.9559,36.2,81.0,81,0,1.12
339,Alvdal,NO,2021-07-27 01:34:53,62.1077,10.6307,58.84,85,89,5.46
340,Bonoua,CI,2021-07-27 01:34:53,5.2741,-3.595,76.62,81,100,7.9
341,Figeac,FR,2021-07-27 01:34:53,44.75,1.9167,59.09,95,99,2.48
342,Palatka,US,2021-07-27 01:34:53,29.6486,-81.6376,82.74,83,99,1.01
343,Padang,ID,2021-07-27 01:34:54,-0.9492,100.3543,82.45,74,5,1.79
344,Palmer,US,2021-07-27 01:34:00,42.1584,-72.3287,75.13,79,1,0.0
345,Polo,PH,2021-07-27 01:34:54,9.4822,123.1822,86.7,70,68,10.22
346,Tagusao,PH,2021-07-27 01:34:54,9.1924,117.8141,86.95,67,89,16.42
347,Ozinki,RU,2021-07-27 01:34:54,51.1786,49.6769,63.19,51,3,4.56
348,Ust-Ordynskiy,RU,2021-07-27 01:34:55,52.805,104.7508,71.44,44,7,11.92
349,San Quintin,MX,2021-07-27 01:34:55,30.4833,-115.95,69.42,78,0,9.69
350,Guadalupe Y Calvo,MX,2021-07-27 01:34:55,26.1,-106.9667,53.83,96,96,5.03
351,Nador,MA,2021-07-27 01:34:56,35.174,-2.9287,68.25,88,0,1.14
352,Biak,ID,2021-07-27 01:34:56,-0.9131,122.8766,80.58,64,51,8.12
353,Tromso,NO,2021-07-27 01:34:56,69.6496,18.957,48.85,93,90,2.3
354,Faanui,PF,2021-07-27 01:34:57,-16.4833,-151.75,78.73,75,49,9.01
355,Gibara,CU,2021-07-27 01:34:57,21.1097,-76.1317,78.12,81,84,6.98
356,Mahajanga,MG,2021-07-27 01:34:57,-15.7167,46.3167,68.02,64,40,4.61
357,Camacha,PT,2021-07-27 01:34:58,33.0833,-16.3333,69.22,68,40,9.22
358,Jackson,US,2021-07-27 01:33:22,42.4165,-122.8345,96.67,27,1,11.5
359,Ilebo,CD,2021-07-27 01:34:58,-4.3167,20.5833,63.63,47,94,1.52
360,Russell,US,2021-07-27 01:34:58,32.3502,-85.1999,85.71,90,59,1.97
361,Chumikan,RU,2021-07-27 01:34:58,54.7183,135.315,74.14,46,96,3.31
362,Stepnyak,KZ,2021-07-27 01:34:59,52.8339,70.7803,57.9,51,7,7.76
363,Petropavlovsk-Kamchatskiy,RU,2021-07-27 01:34:59,53.0452,158.6483,73.99,60,75,11.18
364,Sakakah,SA,2021-07-27 01:34:59,29.9697,40.2064,92.77,26,6,7.16
365,Grindavik,IS,2021-07-27 01:35:00,63.8424,-22.4338,49.95,93,90,10.36
366,Monterey,US,2021-07-27 01:35:00,36.2505,-121.2516,79.05,36,18,5.59
367,Lubao,PH,2021-07-27 01:35:00,14.9167,120.55,86.02,74,86,19.3
368,Kavieng,PG,2021-07-27 01:35:01,-2.5744,150.7967,84.94,64,57,4.47
369,Frolishchi,RU,2021-07-27 01:35:01,56.4211,42.6533,57.15,79,6,4.9
370,Jinxiang,CN,2021-07-27 01:35:01,27.4327,120.6062,87.93,69,32,12.77
371,Deputatskiy,RU,2021-07-27 01:35:03,69.3,139.9,48.45,63,99,5.3
372,Andenes,NO,2021-07-27 01:35:03,69.3143,16.1194,56.46,100,90,6.91
373,Katangli,RU,2021-07-27 01:35:03,51.7102,143.2326,70.32,86,100,9.1
374,Barretos,BR,2021-07-27 01:35:04,-20.5572,-48.5678,64.9,37,0,5.84
375,Sampit,ID,2021-07-27 01:35:04,-2.5333,112.95,84.65,64,69,4.25
376,Nome,US,2021-07-27 01:33:29,64.5011,-165.4064,50.07,93,90,10.36
377,Ahipara,NZ,2021-07-27 01:35:04,-35.1667,173.1667,58.28,66,2,16.82
378,Cherskiy,RU,2021-07-27 01:35:05,68.75,161.3,53.44,48,11,21.88
379,Raudeberg,NO,2021-07-27 01:35:05,61.9875,5.1352,66.87,80,100,12.66
380,Bayan,CN,2021-07-27 01:35:05,46.0833,127.4,86.45,59,100,11.97
381,Fortuna,US,2021-07-27 01:32:13,40.5982,-124.1573,55.98,93,90,12.66
382,Jeremie,HT,2021-07-27 01:35:05,18.65,-74.1167,81.43,76,94,2.66
383,Vao,NC,2021-07-27 01:35:06,-22.6667,167.4833,68.36,61,19,16.82
384,Khani,GE,2021-07-27 01:35:06,41.9563,42.9566,63.97,100,100,2.06
385,Kissamos,GR,2021-07-27 01:35:06,35.4939,23.6569,81.91,60,0,8.7
386,Freeport,US,2021-07-27 01:30:15,40.6576,-73.5832,84.16,77,1,3.0
387,Maloy,NO,2021-07-27 01:35:07,61.9353,5.1136,67.73,82,100,12.08
388,Mandalgovi,MN,2021-07-27 01:35:07,45.7625,106.2708,68.41,49,86,4.36
389,Roma,US,2021-07-27 01:35:07,43.2128,-75.4557,72.88,79,1,0.0
390,Aswan,EG,2021-07-27 01:35:08,24.0934,32.907,85.3,26,0,8.05
391,Oranjestad,AW,2021-07-27 01:35:08,12.524,-70.027,82.35,83,20,17.27
392,High Level,CA,2021-07-27 01:35:08,58.5169,-117.136,64.51,82,75,0.0
393,Dukat,RU,2021-07-27 01:35:08,62.55,155.55,49.32,82,100,4.9
394,Katobu,ID,2021-07-27 01:35:09,-4.9408,122.5276,83.17,59,68,6.17
395,Sharjah,AE,2021-07-27 01:35:09,25.3573,55.4033,94.98,53,100,3.44
396,Mount Isa,AU,2021-07-27 01:34:51,-20.7333,139.5,76.77,18,76,11.5
397,Grand Gaube,MU,2021-07-27 01:35:09,-20.0064,57.6608,68.4,88,95,5.01
398,Inuvik,CA,2021-07-27 01:35:10,68.3499,-133.7218,61.66,80,75,2.3
399,Birjand,IR,2021-07-27 01:35:10,32.8663,59.2211,81.07,26,0,13.8
400,Coquimbo,CL,2021-07-27 01:35:10,-29.9533,-71.3436,53.33,87,0,4.61
401,Balykshi,KZ,2021-07-27 01:35:11,47.0667,51.8667,69.8,35,0,15.66
402,Yining,CN,2021-07-27 01:35:11,29.0361,114.5636,86.4,69,66,6.62
403,Meulaboh,ID,2021-07-27 01:35:11,4.1363,96.1285,81.25,76,72,2.59
404,Zhigansk,RU,2021-07-27 01:35:12,66.7697,123.3711,60.98,55,9,17.47
405,Fatehpur Sikri,IN,2021-07-27 01:35:12,27.1,77.6667,85.87,75,100,1.74
406,Sueyoshi,JP,2021-07-27 01:35:12,31.65,131.0167,83.37,50,0,2.95
407,Krasnoturansk,RU,2021-07-27 01:35:12,54.3186,91.5639,68.79,82,100,2.17
408,Loiza,PR,2021-07-27 01:35:13,18.4313,-65.8802,81.86,86,40,8.05
409,Havoysund,NO,2021-07-27 01:35:13,70.9963,24.6622,50.88,78,49,6.46
410,Maldonado,UY,2021-07-27 01:35:13,-34.6667,-54.9167,50.23,89,3,4.94
411,Yanaul,RU,2021-07-27 01:35:14,56.2719,54.9309,59.04,63,77,11.32
412,Saskylakh,RU,2021-07-27 01:35:14,71.9167,114.0833,58.96,61,98,8.77
413,Gat,IL,2021-07-27 01:35:14,31.61,34.7642,78.4,85,0,4.52
414,Srednekolymsk,RU,2021-07-27 01:35:15,67.45,153.6833,56.16,45,95,16.96
415,Pivdenne,UA,2021-07-27 01:35:15,49.8814,36.07,64.11,63,0,6.71
416,Beidao,CN,2021-07-27 01:35:15,34.5686,105.8933,72.48,71,100,0.67
417,Snasa,NO,2021-07-27 01:35:16,64.2457,12.3778,64.06,61,40,5.3
418,Villamontes,BO,2021-07-27 01:35:16,-21.25,-63.5,65.71,47,100,9.64
419,Sijunjung,ID,2021-07-27 01:35:16,-0.6876,100.9537,81.0,73,11,0.87
420,Namibe,AO,2021-07-27 01:34:38,-15.1961,12.1522,64.53,80,0,3.83
421,Kaeo,NZ,2021-07-27 01:35:16,-35.1,173.7833,62.33,65,3,12.91
422,Moree,AU,2021-07-27 01:35:17,-29.4667,149.85,59.02,63,5,9.22
423,Beloha,MG,2021-07-27 01:35:17,-25.1667,45.05,60.42,75,74,15.35
424,Khon Kaen,TH,2021-07-27 01:35:17,16.5,102.0833,83.17,70,50,6.62
425,Rio Claro,BR,2021-07-27 01:35:18,-22.4114,-47.5614,60.62,38,0,5.95
426,Sambava,MG,2021-07-27 01:35:18,-14.2667,50.1667,67.89,84,66,14.36
427,Aquiraz,BR,2021-07-27 01:35:18,-3.9014,-38.3911,80.19,84,1,11.79
428,Yulara,AU,2021-07-27 01:35:19,-25.2406,130.9889,73.24,16,8,19.57
429,Nizwa,OM,2021-07-27 01:35:19,22.9333,57.5333,90.03,41,37,4.32
430,Sergeyevka,KZ,2021-07-27 01:35:19,53.88,67.4158,59.49,50,100,6.55
431,Pallasovka,RU,2021-07-27 01:35:19,50.05,46.8833,64.47,49,0,8.08
432,Darhan,MN,2021-07-27 01:34:16,49.4867,105.9228,68.22,62,21,3.13
433,Tarko-Sale,RU,2021-07-27 01:35:20,64.9225,77.785,48.85,93,100,21.07
434,Nantucket,US,2021-07-27 01:35:20,41.2835,-70.0995,75.99,95,90,10.36
435,Saurimo,AO,2021-07-27 01:35:20,-9.6608,20.3916,53.78,38,100,5.68
436,Umm Lajj,SA,2021-07-27 01:31:47,25.0213,37.2685,85.95,55,54,8.08
437,Gombong,ID,2021-07-27 01:35:21,-7.6072,109.5142,81.66,62,75,4.36
438,Moyale,KE,2021-07-27 01:35:21,3.5167,39.0584,60.91,73,92,7.81
439,Batemans Bay,AU,2021-07-27 01:34:47,-35.7167,150.1833,65.1,43,2,11.86
440,Kutum,SD,2021-07-27 01:35:21,14.2,24.6667,67.75,79,100,8.28
441,Kulhudhuffushi,MV,2021-07-27 01:35:21,6.6221,73.07,82.02,75,100,16.04
442,College,US,2021-07-27 01:33:22,64.8569,-147.8028,71.92,48,75,10.36
443,Mana,GF,2021-07-27 01:35:22,5.6592,-53.7767,77.61,86,91,6.24
444,Cherlak,RU,2021-07-27 01:35:22,54.155,74.8055,57.97,58,89,5.84
445,Ilulissat,GL,2021-07-27 01:35:22,69.2167,-51.1,53.62,62,20,4.61
446,Klaksvik,FO,2021-07-27 01:35:23,62.2266,-6.589,50.92,99,100,5.86
447,La Victoria,VE,2021-07-27 01:35:23,10.2184,-67.3302,76.14,95,100,3.58
448,Prieska,ZA,2021-07-27 01:35:23,-29.6641,22.7474,46.42,44,5,8.84
449,Rio Grande,BR,2021-07-27 01:32:05,-32.035,-52.0986,49.95,88,100,16.8
450,Kiruna,SE,2021-07-27 01:35:23,67.8557,20.2251,50.92,93,100,1.14
451,Elizabeth City,US,2021-07-27 01:35:24,36.2946,-76.2511,75.25,95,75,6.91
452,Kargil,IN,2021-07-27 01:35:24,34.5667,76.1,67.21,49,7,4.27
453,Carballo,ES,2021-07-27 01:35:24,43.213,-8.691,62.76,93,38,1.63
454,Soure,BR,2021-07-27 01:35:25,-0.7167,-48.5233,79.59,77,11,8.28
455,Baculin,PH,2021-07-27 01:35:25,7.4525,126.5842,88.27,63,70,11.21
456,Viseu,PT,2021-07-27 01:33:55,40.661,-7.9097,58.87,87,1,0.78
457,Takayama,JP,2021-07-27 01:35:25,36.1333,137.25,75.79,58,96,5.7
458,Natitingou,BJ,2021-07-27 01:35:26,10.3042,1.3796,70.7,87,92,4.43
459,Saint-Augustin,CA,2021-07-27 01:35:26,51.226,-58.6502,58.95,82,100,8.55
460,Tarauaca,BR,2021-07-27 01:35:26,-8.1614,-70.7656,75.36,72,23,2.21
461,San Juan Del Parana,PY,2021-07-27 01:35:27,-27.3,-55.9667,60.85,100,90,13.8
462,Prachatice,CZ,2021-07-27 01:35:27,49.0129,13.9975,62.11,95,77,5.46
463,Sehithwa,BW,2021-07-27 01:35:27,-20.4667,22.7167,45.93,53,0,7.05
464,Imbituba,BR,2021-07-27 01:35:27,-28.24,-48.6703,66.81,88,100,8.48
465,Fjerritslev,DK,2021-07-27 01:35:28,57.0813,9.2664,64.89,92,78,4.41
466,Salta,AR,2021-07-27 01:35:28,-24.7859,-65.4117,53.89,62,90,4.0
467,Torbay,CA,2021-07-27 01:35:28,47.6666,-52.7314,59.68,89,20,9.22
468,Sawakin,SD,2021-07-27 01:35:29,19.1059,37.3321,90.68,51,25,8.43
469,Opuwo,NA,2021-07-27 01:35:29,-18.0607,13.84,55.24,40,0,8.66
470,Vila Franca Do Campo,PT,2021-07-27 01:35:29,37.7167,-25.4333,70.21,91,95,5.08
471,Fort Dodge,US,2021-07-27 01:31:06,42.4975,-94.168,80.69,61,1,6.91
472,Saint-Pierre,RE,2021-07-27 01:35:30,-21.3393,55.4781,65.88,83,90,9.22
473,Vilhena,BR,2021-07-27 01:32:46,-12.7406,-60.1458,72.95,50,35,1.59
474,Show Low,US,2021-07-27 01:33:19,34.2542,-110.0298,79.72,46,1,9.22
475,Payo,ID,2021-07-27 01:35:30,-3.7508,103.6372,79.81,53,6,2.08
476,Santarem,BR,2021-07-27 01:35:30,-2.4431,-54.7083,75.33,100,0,0.0
477,Kokstad,ZA,2021-07-27 01:35:31,-30.5472,29.4241,41.22,21,3,5.23
478,Jalu,LY,2021-07-27 01:35:31,29.0331,21.5482,78.39,48,0,6.51
479,Kinablangan,PH,2021-07-27 01:35:31,7.6947,126.5503,87.66,60,85,6.15
480,Fiki,GR,2021-07-27 01:35:32,39.5169,21.6556,77.83,49,0,1.45
481,Nicoya,CR,2021-07-27 01:35:32,10.1483,-85.452,74.75,98,100,1.83
482,Maragogi,BR,2021-07-27 01:33:35,-9.0122,-35.2225,73.26,90,31,7.61
483,Ambatofinandrahana,MG,2021-07-27 01:35:32,-20.55,46.8,43.83,91,13,4.54
484,Grao Mogol,BR,2021-07-27 01:35:32,-16.5594,-42.8897,57.09,75,46,1.9
485,Loukhi,RU,2021-07-27 01:35:33,66.0764,33.0381,48.25,74,2,3.29
486,Laurel,US,2021-07-27 01:35:15,39.0993,-76.8483,80.47,91,1,0.0
487,Rosita,NI,2021-07-27 01:35:33,13.9268,-84.4032,74.68,95,100,1.74
488,Praia Da Vitoria,PT,2021-07-27 01:35:33,38.7333,-27.0667,74.75,88,75,9.28
489,Mokhsogollokh,RU,2021-07-27 01:35:34,61.4681,128.9203,83.39,42,41,10.76
490,Calvinia,ZA,2021-07-27 01:35:34,-31.4707,19.776,49.87,43,7,7.09
491,San Cristobal,VE,2021-07-27 01:33:34,7.7669,-72.225,73.58,94,99,2.24
492,Kavaratti,IN,2021-07-27 01:35:34,10.5669,72.642,81.07,80,100,19.86
493,Mwene-Ditu,CD,2021-07-27 01:35:34,-7.0,23.45,59.25,42,100,5.57
494,Fairhope,US,2021-07-27 01:35:35,30.523,-87.9033,85.77,80,1,0.0
495,Nieuw Amsterdam,SR,2021-07-27 01:35:35,5.8833,-55.0833,80.02,87,95,5.77
496,Emilio Carranza,MX,2021-07-27 01:35:35,19.9711,-96.6114,79.12,79,22,4.61
497,Westport,US,2021-07-27 01:30:54,41.1415,-73.3579,80.94,81,5,1.99
498,Nanyamba,TZ,2021-07-27 01:35:36,-10.6833,39.8333,59.38,86,2,5.12
499,Pizarro,CO,2021-07-27 01:35:36,4.9533,-77.366,76.24,85,100,1.79
500,Kantunilkin,MX,2021-07-27 01:35:36,21.0917,-87.45,82.24,85,64,2.3
501,Mago,RU,2021-07-27 01:35:37,53.2514,140.1822,69.57,93,100,2.51
502,Atasu,KZ,2021-07-27 01:35:37,48.6814,71.6433,64.89,49,0,8.1
503,Uthal,PK,2021-07-27 01:35:37,25.8072,66.6219,82.78,81,84,7.38
504,Te Anau,NZ,2021-07-27 01:31:42,-45.4167,167.7167,48.43,72,41,5.86
505,Half Moon Bay,US,2021-07-27 01:35:38,37.4636,-122.4286,86.31,70,75,1.01
506,Beloostrov,RU,2021-07-27 01:35:38,60.1512,30.0015,60.13,71,9,1.68
507,Poronaysk,RU,2021-07-27 01:35:38,49.2167,143.1167,71.65,82,98,9.19
508,Krutikha,RU,2021-07-27 01:35:39,53.9599,81.2093,62.22,58,0,7.92
509,Cody,US,2021-07-27 01:35:39,44.5263,-109.0565,91.69,20,1,8.05
510,Waingapu,ID,2021-07-27 01:35:39,-9.6567,120.2641,83.98,57,46,10.31
511,Guerrero Negro,MX,2021-07-27 01:35:40,27.9769,-114.0611,70.48,73,0,16.93
512,Kalmunai,LK,2021-07-27 01:35:40,7.4167,81.8167,83.39,63,99,1.57
513,Caxito,AO,2021-07-27 01:35:40,-8.5785,13.6643,66.31,97,34,1.74
514,Samarai,PG,2021-07-27 01:34:17,-10.6167,150.6667,78.73,87,100,14.99
515,Solnechnyy,RU,2021-07-27 01:35:41,50.7214,136.6319,75.74,81,100,2.24
516,Jiuquan,CN,2021-07-27 01:35:41,39.7432,98.5174,85.5,13,99,15.26
517,Kodinsk,RU,2021-07-27 01:35:41,58.6881,99.1844,80.78,40,0,5.82
518,Samfya,ZM,2021-07-27 01:35:41,-11.3649,29.5565,50.92,69,81,10.63
519,Takoradi,GH,2021-07-27 01:35:42,4.8845,-1.7554,75.58,81,100,10.83
520,Wanning,CN,2021-07-27 01:35:42,18.8003,110.3967,89.13,64,28,7.7
521,Ozu,JP,2021-07-27 01:35:42,33.5,132.55,86.18,60,31,6.35
522,Faya,SA,2021-07-27 01:35:42,18.3851,42.4509,66.31,73,72,4.38
523,Ivybridge,GB,2021-07-27 01:35:43,50.3904,-3.9191,64.49,93,100,7.31
524,Amahai,ID,2021-07-27 01:35:43,-3.3333,128.9167,81.99,75,82,5.46
525,Ulaangom,MN,2021-07-27 01:35:43,49.9811,92.0667,73.24,48,7,3.29
526,Pringsewu,ID,2021-07-27 01:35:44,-5.3582,104.9744,82.13,61,23,2.62
527,Kieta,PG,2021-07-27 01:35:44,-6.2167,155.6333,84.76,73,15,6.42
528,Kahului,US,2021-07-27 01:33:01,20.8947,-156.47,84.22,77,40,26.46
529,Nyamuswa,TZ,2021-07-27 01:35:44,-1.9,34.0167,59.38,54,12,3.53
530,Whyalla,AU,2021-07-27 01:35:44,-33.0333,137.5833,64.29,32,3,31.07
531,Tual,ID,2021-07-27 01:35:45,-5.6667,132.75,81.55,76,38,17.27
532,Ulladulla,AU,2021-07-27 01:35:45,-35.35,150.4667,69.87,44,1,12.93
533,Maryborough,AU,2021-07-27 01:34:06,-25.5333,152.7,72.25,45,0,4.81
534,Sjoholt,NO,2021-07-27 01:35:45,62.4837,6.8106,66.85,85,94,5.95
535,Parana,AR,2021-07-27 01:33:05,-31.732,-60.5238,52.57,51,0,8.61
536,Taltal,CL,2021-07-27 01:35:46,-25.4,-70.4833,57.79,70,0,5.1
537,Chunskiy,RU,2021-07-27 01:35:46,56.0815,99.6342,77.23,43,81,9.19
538,Basse,DE,2021-07-27 01:35:46,52.5518,9.5069,67.14,80,100,5.75
539,Kloulklubed,PW,2021-07-27 01:35:46,7.0419,134.2556,86.5,78,100,17.69
540,Ust-Nera,RU,2021-07-27 01:35:47,64.5667,143.2,60.62,68,100,6.35
541,Turulung,RO,2021-07-27 01:35:47,47.9333,23.0833,73.29,82,63,4.25
542,Peniche,PT,2021-07-27 01:35:47,39.3558,-9.3811,66.72,89,7,15.55
543,Kenora,CA,2021-07-27 01:35:48,49.8167,-94.4337,67.17,77,75,9.22
544,De Aar,ZA,2021-07-27 01:35:48,-30.6497,24.0123,39.61,52,30,7.56
545,Manakara,MG,2021-07-27 01:35:48,-22.1333,48.0167,59.25,95,42,9.57
546,Aleksandrovsk-Sakhalinskiy,RU,2021-07-27 01:35:49,50.8975,142.1561,73.06,79,100,9.19
547,Ponta Delgada,PT,2021-07-27 01:35:49,37.7333,-25.6667,70.52,88,75,6.91
548,Petropavlovka,RU,2021-07-27 01:35:49,50.6114,105.3196,71.49,55,11,3.56
549,Rajshahi,BD,2021-07-27 01:35:49,24.3667,88.6,86.31,76,100,5.21
550,Valparaiso,CL,2021-07-27 01:33:11,-33.0393,-71.6273,56.84,75,0,8.05
551,Cheney,US,2021-07-27 01:31:34,47.4874,-117.5758,92.62,18,75,10.36
552,Kungalv,SE,2021-07-27 01:35:50,57.871,11.9805,65.1,92,100,5.01
553,Gloucester,GB,2021-07-27 01:32:02,51.8657,-2.2431,66.09,85,100,5.35
554,Tezu,IN,2021-07-27 01:35:50,27.9167,96.1667,76.98,98,100,1.57
555,Asilah,MA,2021-07-27 01:35:50,35.465,-6.0348,67.86,85,0,4.47
556,Rabo De Peixe,PT,2021-07-27 01:35:51,37.8,-25.5833,69.31,88,75,6.91
557,Dire,ML,2021-07-27 01:35:51,12.2833,-10.9667,75.4,94,67,1.7
558,Khorixas,NA,2021-07-27 01:35:51,-20.3667,14.9667,57.94,32,0,11.27
559,Port Keats,AU,2021-07-27 01:35:51,-14.25,129.55,84.69,53,46,4.79
560,Nurota,UZ,2021-07-27 01:35:52,40.5614,65.6886,80.69,25,0,17.29
561,Port Hardy,CA,2021-07-27 01:35:52,50.6996,-127.4199,62.78,72,75,9.22
562,Surprise,US,2021-07-27 01:31:30,33.6306,-112.3332,99.07,34,1,1.99
563,Probolinggo,ID,2021-07-27 01:35:52,-7.7543,113.2159,76.86,45,12,2.91
564,Puerto Madryn,AR,2021-07-27 01:35:53,-42.7692,-65.0385,41.4,65,47,28.72
565,Marovoay,MG,2021-07-27 01:35:53,-16.1,46.6333,68.14,66,5,6.67
566,South Lake Tahoe,US,2021-07-27 01:34:04,38.9332,-119.9844,81.84,58,20,0.0
567,Kuala Terengganu,MY,2021-07-27 01:33:02,5.3302,103.1408,78.75,89,20,4.61
568,Altay,CN,2021-07-27 01:35:53,47.8667,88.1167,78.67,34,0,3.15
569,Zielonka,PL,2021-07-27 01:35:53,52.3038,21.1602,69.13,93,2,4.9
570,Danilov,RU,2021-07-27 01:35:54,58.1908,40.1717,55.53,90,12,3.67
571,Abatskoye,RU,2021-07-27 01:35:54,56.2875,70.4555,58.41,60,100,6.6
572,Bezenchuk,RU,2021-07-27 01:35:54,52.982,49.4333,60.8,61,61,6.15
573,Lebyazhye,RU,2021-07-27 01:35:54,55.2689,66.4947,58.3,65,99,8.34
574,Afonino,RU,2021-07-27 01:35:55,56.262,44.095,61.02,96,0,6.71
575,Pemangkat,ID,2021-07-27 01:35:55,1.1667,108.9667,83.98,77,99,6.31
576,Husavik,IS,2021-07-27 01:35:55,66.0449,-17.3389,49.91,81,87,2.55
577,Rawson,AR,2021-07-27 01:35:21,-43.3002,-65.1023,41.77,74,80,27.83
578,Pangody,RU,2021-07-27 01:35:56,65.85,74.4859,52.65,65,100,11.63
579,Katherine,AU,2021-07-27 01:35:56,-14.4667,132.2667,82.72,47,31,4.61
580,Bilma,NE,2021-07-27 01:35:56,18.6853,12.9164,90.73,40,92,6.78
581,Indianola,US,2021-07-27 01:35:56,41.3581,-93.5574,82.2,72,0,8.01
582,Preobrazheniye,RU,2021-07-27 01:35:57,42.9019,133.9064,79.81,79,53,5.82
583,Broome,US,2021-07-27 01:35:57,42.2506,-75.833,74.01,73,50,1.61
584,Sistranda,NO,2021-07-27 01:35:57,63.7256,8.834,70.9,82,9,5.03
585,Angoram,PG,2021-07-27 01:35:57,-4.0625,144.0661,86.04,70,96,3.89
